name,votes,perc,municipality,election
 Carlos (Charlie) Delgado Altieri (PPD) ,"  3,120", 36.3  ,Adjuntas,G
 Pedro Pierluisi (PNP) ,"  3,020", 35.1  ,Adjuntas,G
 César Augusto Vázquez Muñiz (PD) ,"  1,058", 12.3  ,Adjuntas,G
 Juan Dalmau Ramírez (PIP) ,  666, 7.7  ,Adjuntas,G
 Alexandra Lúgaro (MVC) ,  619, 7.2  ,Adjuntas,G
 Eliezer Molina Pérez (Ind.) ,  122, 1.4  ,Adjuntas,G
Jenniffer González Colón (PNP) ,"  3,587", 43.6  ,Adjuntas,R
 Aníbal Acevedo Vilá (PPD) ,"  2,819", 34.3  ,Adjuntas,R
 Ada Norah Henriquez (PD) ,  971, 11.8  ,Adjuntas,R
 Zayira Jordán Conde (MVC) ,  546, 6.6  ,Adjuntas,R
 Luis Roberto Piñero (PIP) ,  299, 3.6,Adjuntas,R
Carlos (Charlie) Delgado Altieri (PPD) ,"  6,236", 36.4  ,Aguada,G
 Pedro Pierluisi (PNP) ,"  5,678", 33.1  ,Aguada,G
 Alexandra Lúgaro (MVC) ,"  2,347", 13.7  ,Aguada,G
 Juan Dalmau Ramírez (PIP) ,"  1,639", 9.6  ,Aguada,G
 César Augusto Vázquez Muñiz (PD) ,"  1,079", 6.3  ,Aguada,G
 Eliezer Molina Pérez (Ind.) ,  157, 0.9,Aguada,G
Jenniffer González Colón (PNP) ,"  7,343", 44.6  ,Aguada,R
 Aníbal Acevedo Vilá (PPD) ,"  5,369", 32.6  ,Aguada,R
 Zayira Jordán Conde (MVC) ,"  1,888", 11.5  ,Aguada,R
 Ada Norah Henriquez (PD) ,"  1,173", 7.1  ,Aguada,R
 Luis Roberto Piñero (PIP) ,  697, 4.2  ,Aguada,R
Carlos (Charlie) Delgado Altieri (PPD) ,"  6,715", 35.6  ,Aguadilla,G
 Pedro Pierluisi (PNP) ,"  6,687", 35.5  ,Aguadilla,G
 Alexandra Lúgaro (MVC) ,"  2,147", 11.4  ,Aguadilla,G
 Juan Dalmau Ramírez (PIP) ,"  1,625", 8.6  ,Aguadilla,G
 César Augusto Vázquez Muñiz (PD) ,"  1,535", 8.1  ,Aguadilla,G
 Eliezer Molina Pérez (Ind.) ,  131, 0.7 ,Aguadilla,G
 Jenniffer González Colón (PNP) ,"  8,167", 44.6  ,Aguadilla,R
 Aníbal Acevedo Vilá (PPD) ,"  5,914", 32.3  ,Aguadilla,R
 Zayira Jordán Conde (MVC) ,"  1,873", 10.2  ,Aguadilla,R
 Ada Norah Henriquez (PD) ,"  1,514", 8.3  ,Aguadilla,R
 Luis Roberto Piñero (PIP) ,  824, 4.5  ,Aguadilla,R
Pedro Pierluisi (PNP) ,"  3,263", 34.4  ,Aguas Buenas,G
 Carlos (Charlie) Delgado Altieri (PPD) ,"  2,497", 26.3  ,Aguas Buenas,G
 Juan Dalmau Ramírez (PIP) ,"  1,517", 16.0  ,Aguas Buenas,G
 Alexandra Lúgaro (MVC) ,"  1,433", 15.1  ,Aguas Buenas,G
 César Augusto Vázquez Muñiz (PD) ,  722, 7.6  ,Aguas Buenas,G
 Eliezer Molina Pérez (Ind.) ,  60, 0.6 ,Aguas Buenas,G
Jenniffer González Colón (PNP) ,"  3,913", 42.8  ,Aguas Buenas,R
 Aníbal Acevedo Vilá (PPD) ,"  2,434", 26.6  ,Aguas Buenas,R
 Zayira Jordán Conde (MVC) ,"  1,233", 13.5  ,Aguas Buenas,R
 Luis Roberto Piñero (PIP) ,  822, 9.0  ,Aguas Buenas,R
 Ada Norah Henriquez (PD) ,  748, 8.2,Aguas Buenas,R
Carlos (Charlie) Delgado Altieri (PPD) ,"  3,784", 34.8  ,Aibonito,G
 Pedro Pierluisi (PNP) ,"  3,117", 28.7  ,Aibonito,G
 Alexandra Lúgaro (MVC) ,"  1,811", 16.7  ,Aibonito,G
 Juan Dalmau Ramírez (PIP) ,"  1,542", 14.2  ,Aibonito,G
 César Augusto Vázquez Muñiz (PD) ,  545, 5.0  ,Aibonito,G
 Eliezer Molina Pérez (Ind.) ,  69, 0.6,Aibonito,G
 Jenniffer González Colón (PNP) ,"  3,931", 37.5  ,Aibonito,R
 Aníbal Acevedo Vilá (PPD) ,"  3,629", 34.6  ,Aibonito,R
 Zayira Jordán Conde (MVC) ,"  1,538", 14.7  ,Aibonito,R
 Luis Roberto Piñero (PIP) ,  717, 6.8  ,Aibonito,R
 Ada Norah Henriquez (PD) ,  665, 6.3,Aibonito,R
Carlos (Charlie) Delgado Altieri (PPD) ,"  4,173", 35.9  ,Añasco,G
 Pedro Pierluisi (PNP) ,"  4,172", 35.9  ,Añasco,G
 Alexandra Lúgaro (MVC) ,"  1,504", 12.9  ,Añasco,G
 Juan Dalmau Ramírez (PIP) ,"  1,076", 9.2  ,Añasco,G
 César Augusto Vázquez Muñiz (PD) ,  612, 5.3  ,Añasco,G
 Eliezer Molina Pérez (Ind.) ,  98, 0.8 ,Añasco,G
 Jenniffer González Colón (PNP) ,"  5,085", 45.1  ,Añasco,R
 Aníbal Acevedo Vilá (PPD) ,"  3,800", 33.7  ,Añasco,R
 Zayira Jordán Conde (MVC) ,"  1,251", 11.1  ,Añasco,R
 Ada Norah Henriquez (PD) ,  637, 5.6  ,Añasco,R
 Luis Roberto Piñero (PIP) ,  505, 4.5,Añasco,R
Pedro Pierluisi (PNP) ,"  11,839", 35.6  ,Arecibo,G
 Carlos (Charlie) Delgado Altieri (PPD) ,"  11,075", 33.3  ,Arecibo,G
 César Augusto Vázquez Muñiz (PD) ,"  3,512", 10.6  ,Arecibo,G
 Alexandra Lúgaro (MVC) ,"  3,322", 10.0  ,Arecibo,G
 Juan Dalmau Ramírez (PIP) ,"  3,248", 9.8  ,Arecibo,G
 Eliezer Molina Pérez (Ind.) ,  215, 0.6,Arecibo,G
 Jenniffer González Colón (PNP) ,"  14,238", 44.3  ,Arecibo,R
 Aníbal Acevedo Vilá (PPD) ,"  9,921", 30.9  ,Arecibo,R
 Ada Norah Henriquez (PD) ,"  3,649", 11.4  ,Arecibo,R
 Zayira Jordán Conde (MVC) ,"  2,974", 9.3  ,Arecibo,R
 Luis Roberto Piñero (PIP) ,"  1,364", 4.2 ,Arecibo,R
Carlos (Charlie) Delgado Altieri (PPD) ,"  2,968", 40.8  ,Arroyo,G
 Pedro Pierluisi (PNP) ,"  2,540", 35.0  ,Arroyo,G
 Juan Dalmau Ramírez (PIP) ,  869, 12.0  ,Arroyo,G
 Alexandra Lúgaro (MVC) ,  612, 8.4  ,Arroyo,G
 César Augusto Vázquez Muñiz (PD) ,  236, 3.2  ,Arroyo,G
 Eliezer Molina Pérez (Ind.) ,  41, 0.6,Arroyo,G
 Jenniffer González Colón (PNP) ,"  2,988", 42.4  ,Arroyo,R
 Aníbal Acevedo Vilá (PPD) ,"  2,799", 39.7  ,Arroyo,R
 Zayira Jordán Conde (MVC) ,  512, 7.3  ,Arroyo,R
 Luis Roberto Piñero (PIP) ,  436, 6.2  ,Arroyo,R
 Ada Norah Henriquez (PD) ,  311, 4.4  ,Arroyo,R
Carlos (Charlie) Delgado Altieri (PPD) ,"  3,857", 37.2  ,Barceloneta,G
 Pedro Pierluisi (PNP) ,"  2,994", 28.9  ,Barceloneta,G
 Alexandra Lúgaro (MVC) ,"  1,314", 12.7  ,Barceloneta,G
 César Augusto Vázquez Muñiz (PD) ,"  1,147", 11.1  ,Barceloneta,G
 Juan Dalmau Ramírez (PIP) ,  989, 9.5  ,Barceloneta,G
 Eliezer Molina Pérez (Ind.) ,  73, 0.7 ,Barceloneta,G
Jenniffer González Colón (PNP) ,"  3,789", 38.2  ,Barceloneta,R
 Aníbal Acevedo Vilá (PPD) ,"  3,434", 34.6  ,Barceloneta,R
 Ada Norah Henriquez (PD) ,"  1,124", 11.3  ,Barceloneta,R
 Zayira Jordán Conde (MVC) ,"  1,105", 11.1  ,Barceloneta,R
 Luis Roberto Piñero (PIP) ,  460, 4.6,Barceloneta,R
Pedro Pierluisi (PNP) ,"  5,162", 39.3  ,Barranquitas,G
 Carlos (Charlie) Delgado Altieri (PPD) ,"  4,745", 36.1  ,Barranquitas,G
 Alexandra Lúgaro (MVC) ,"  1,574", 12.0  ,Barranquitas,G
 Juan Dalmau Ramírez (PIP) ,"  1,194", 9.1  ,Barranquitas,G
 César Augusto Vázquez Muñiz (PD) ,  389, 3.0  ,Barranquitas,G
 Eliezer Molina Pérez (Ind.) ,  69, 0.5 ,Barranquitas,G
Jenniffer González Colón (PNP) ,"  5,896", 46.1  ,Barranquitas,R
 Aníbal Acevedo Vilá (PPD) ,"  4,584", 35.9  ,Barranquitas,R
 Zayira Jordán Conde (MVC) ,"  1,314", 10.3  ,Barranquitas,R
 Luis Roberto Piñero (PIP) ,  517, 4.0  ,Barranquitas,R
 Ada Norah Henriquez (PD) ,  469, 3.7,Barranquitas,R
Pedro Pierluisi (PNP) ,"  22,433", 33.7  ,Bayamón,G
 Carlos (Charlie) Delgado Altieri (PPD) ,"  17,089", 25.7  ,Bayamón,G
 Alexandra Lúgaro (MVC) ,"  11,004", 16.5  ,Bayamón,G
 Juan Dalmau Ramírez (PIP) ,"  10,537", 15.8  ,Bayamón,G
 César Augusto Vázquez Muñiz (PD) ,"  5,013", 7.5  ,Bayamón,G
 Eliezer Molina Pérez (Ind.) ,  440, 0.7 ,Bayamón,G
Jenniffer González Colón (PNP) ,"  26,741", 41.2  ,Bayamón,R
 Aníbal Acevedo Vilá (PPD) ,"  18,216", 28.0  ,Bayamón,R
 Zayira Jordán Conde (MVC) ,"  9,761", 15.0  ,Bayamón,R
 Ada Norah Henriquez (PD) ,"  5,672", 8.7  ,Bayamón,R
 Luis Roberto Piñero (PIP) ,"  4,569", 7.0,Bayamón,R
Pedro Pierluisi (PNP) ,"  4,861", 30.2  ,Cabo Rojo,G
 Carlos (Charlie) Delgado Altieri (PPD) ,"  4,518", 28.1  ,Cabo Rojo,G
 Alexandra Lúgaro (MVC) ,"  2,996", 18.6  ,Cabo Rojo,G
 Juan Dalmau Ramírez (PIP) ,"  2,948", 18.3  ,Cabo Rojo,G
 César Augusto Vázquez Muñiz (PD) ,  697, 4.3  ,Cabo Rojo,G
 Eliezer Molina Pérez (Ind.) ,  85, 0.5,Cabo Rojo,G
Jenniffer González Colón (PNP) ,"  6,031", 38.8  ,Cabo Rojo,R
 Aníbal Acevedo Vilá (PPD) ,"  4,609", 29.6  ,Cabo Rojo,R
 Zayira Jordán Conde (MVC) ,"  2,617", 16.8  ,Cabo Rojo,R
 Luis Roberto Piñero (PIP) ,"  1,472", 9.5  ,Cabo Rojo,R
 Ada Norah Henriquez (PD) ,  829, 5.3,Cabo Rojo,R
Carlos (Charlie) Delgado Altieri (PPD) ,"  13,320", 28.3  ,Caguas,G
 Pedro Pierluisi (PNP) ,"  13,163", 28.0  ,Caguas,G
 Juan Dalmau Ramírez (PIP) ,"  9,393", 20.0  ,Caguas,G
 Alexandra Lúgaro (MVC) ,"  8,183", 17.4  ,Caguas,G
 César Augusto Vázquez Muñiz (PD) ,"  2,725", 5.8  ,Caguas,G
 Eliezer Molina Pérez (Ind.) ,  297, 0.6  ,Caguas,G
Jenniffer González Colón (PNP) ,"  16,521", 36.0  ,Caguas,R
 Aníbal Acevedo Vilá (PPD) ,"  14,121", 30.8  ,Caguas,R
 Zayira Jordán Conde (MVC) ,"  7,494", 16.3  ,Caguas,R
 Luis Roberto Piñero (PIP) ,"  4,345", 9.5  ,Caguas,R
 Ada Norah Henriquez (PD) ,"  3,436", 7.5  ,Caguas,R
Pedro Pierluisi (PNP) ,"  6,138", 39.4  ,Camuy,G
 Carlos (Charlie) Delgado Altieri (PPD) ,"  5,131", 33.0  ,Camuy,G
 César Augusto Vázquez Muñiz (PD) ,"  1,708", 11.0  ,Camuy,G
 Alexandra Lúgaro (MVC) ,"  1,291", 8.3  ,Camuy,G
 Juan Dalmau Ramírez (PIP) ,"  1,181", 7.6  ,Camuy,G
 Eliezer Molina Pérez (Ind.) ,  119, 0.8 ,Camuy,G
 Jenniffer González Colón (PNP) ,"  7,270", 48.1  ,Camuy,R
 Aníbal Acevedo Vilá (PPD) ,"  4,623", 30.6  ,Camuy,R
 Ada Norah Henriquez (PD) ,"  1,604", 10.6  ,Camuy,R
 Zayira Jordán Conde (MVC) ,"  1,093", 7.2  ,Camuy,R
 Luis Roberto Piñero (PIP) ,  517, 3.4  ,Camuy,R
Pedro Pierluisi (PNP) ,"  4,973", 33.5  ,Canóvanas,G
 Carlos (Charlie) Delgado Altieri (PPD) ,"  4,376", 29.5  ,Canóvanas,G
 Juan Dalmau Ramírez (PIP) ,"  1,977", 13.3  ,Canóvanas,G
 Alexandra Lúgaro (MVC) ,"  1,833", 12.3  ,Canóvanas,G
 César Augusto Vázquez Muñiz (PD) ,"  1,610", 10.8  ,Canóvanas,G
 Eliezer Molina Pérez (Ind.) ,  87, 0.6 ,Canóvanas,G
Jenniffer González Colón (PNP) ,"  6,049", 42.5  ,Canóvanas,R
 Aníbal Acevedo Vilá (PPD) ,"  4,027", 28.3  ,Canóvanas,R
 Ada Norah Henriquez (PD) ,"  1,655", 11.6  ,Canóvanas,R
 Zayira Jordán Conde (MVC) ,"  1,636", 11.5  ,Canóvanas,R
 Luis Roberto Piñero (PIP) ,  868, 6.1,Canóvanas,R
 Pedro Pierluisi (PNP) ,"  16,172", 30.0  ,Carolina,G
 Carlos (Charlie) Delgado Altieri (PPD) ,"  15,429", 28.6  ,Carolina,G
 Juan Dalmau Ramírez (PIP) ,"  9,128", 16.9  ,Carolina,G
 Alexandra Lúgaro (MVC) ,"  8,887", 16.5  ,Carolina,G
 César Augusto Vázquez Muñiz (PD) ,"  3,910", 7.3  ,Carolina,G
 Eliezer Molina Pérez (Ind.) ,  346, 0.6 ,Carolina,G
Jenniffer González Colón (PNP) ,"  19,967", 37.9  ,Carolina,R
 Aníbal Acevedo Vilá (PPD) ,"  16,172", 30.7  ,Carolina,R
 Zayira Jordán Conde (MVC) ,"  8,034", 15.3  ,Carolina,R
 Ada Norah Henriquez (PD) ,"  4,585", 8.7  ,Carolina,R
 Luis Roberto Piñero (PIP) ,"  3,898", 7.4,Carolina,R
Pedro Pierluisi (PNP) ,"  3,877", 37.9  ,Cataño,G
 Carlos (Charlie) Delgado Altieri (PPD) ,"  2,424", 23.7  ,Cataño,G
 Alexandra Lúgaro (MVC) ,"  1,853", 18.1  ,Cataño,G
 Juan Dalmau Ramírez (PIP) ,"  1,301", 12.7  ,Cataño,G
 César Augusto Vázquez Muñiz (PD) ,  698, 6.8  ,Cataño,G
 Eliezer Molina Pérez (Ind.) ,  73, 0.7 ,Cataño,G
Jenniffer González Colón (PNP) ,"  4,621", 47.1  ,Cataño,R
 Aníbal Acevedo Vilá (PPD) ,"  2,394", 24.4  ,Cataño,R
 Zayira Jordán Conde (MVC) ,"  1,515", 15.5  ,Cataño,R
 Ada Norah Henriquez (PD) ,  730, 7.4  ,Cataño,R
 Luis Roberto Piñero (PIP) ,  543, 5.5,Cataño,R
 Carlos (Charlie) Delgado Altieri (PPD) ,"  5,501", 33.6  ,Cayey,G
 Pedro Pierluisi (PNP) ,"  4,123", 25.2  ,Cayey,G
 Alexandra Lúgaro (MVC) ,"  2,993", 18.3  ,Cayey,G
 Juan Dalmau Ramírez (PIP) ,"  2,836", 17.3  ,Cayey,G
 César Augusto Vázquez Muñiz (PD) ,  808, 4.9  ,Cayey,G
 Eliezer Molina Pérez (Ind.) ,  104, 0.6 ,Cayey,G
Aníbal Acevedo Vilá (PPD) ,"  5,497", 34.8  ,Cayey,R
 Jenniffer González Colón (PNP) ,"  5,248", 33.2  ,Cayey,R
 Zayira Jordán Conde (MVC) ,"  2,671", 16.9  ,Cayey,R
 Luis Roberto Piñero (PIP) ,"  1,241", 7.9  ,Cayey,R
 Ada Norah Henriquez (PD) ,"  1,135", 7.2,Cayey,R
Pedro Pierluisi (PNP) ,"  1,785", 37.0  ,Ceiba,G
 Carlos (Charlie) Delgado Altieri (PPD) ,"  1,526", 31.6  ,Ceiba,G
 Alexandra Lúgaro (MVC) ,  527, 10.9  ,Ceiba,G
 César Augusto Vázquez Muñiz (PD) ,  524, 10.8  ,Ceiba,G
 Juan Dalmau Ramírez (PIP) ,  425, 8.8  ,Ceiba,G
 Eliezer Molina Pérez (Ind.) ,  43, 0.9 ,Ceiba,G
Jenniffer González Colón (PNP) ,"  2,173", 47.4  ,Ceiba,R
 Aníbal Acevedo Vilá (PPD) ,"  1,248", 27.2  ,Ceiba,R
 Ada Norah Henriquez (PD) ,  530, 11.5  ,Ceiba,R
 Zayira Jordán Conde (MVC) ,  446, 9.7  ,Ceiba,R
 Luis Roberto Piñero (PIP) ,  192, 4.2,Ceiba,R
Pedro Pierluisi (PNP) ,"  3,392", 38.9  ,Ciales,G
 Carlos (Charlie) Delgado Altieri (PPD) ,"  3,325", 38.1  ,Ciales,G
 Alexandra Lúgaro (MVC) ,  937, 10.8  ,Ciales,G
 Juan Dalmau Ramírez (PIP) ,  502, 5.8  ,Ciales,G
 César Augusto Vázquez Muñiz (PD) ,  492, 5.6  ,Ciales,G
 Eliezer Molina Pérez (Ind.) ,  68, 0.8,Ciales,G
Jenniffer González Colón (PNP) ,"  3,840", 45.9  ,Ciales,R
 Aníbal Acevedo Vilá (PPD) ,"  3,076", 36.7  ,Ciales,R
 Zayira Jordán Conde (MVC) ,  756, 9.0  ,Ciales,R
 Ada Norah Henriquez (PD) ,  494, 5.9  ,Ciales,R
 Luis Roberto Piñero (PIP) ,  209, 2.5  ,Ciales,R
 Pedro Pierluisi (PNP) ,"  5,062", 31.9  ,Cidra,G
 Carlos (Charlie) Delgado Altieri (PPD) ,"  4,334", 27.3  ,Cidra,G
 Juan Dalmau Ramírez (PIP) ,"  2,919", 18.4  ,Cidra,G
 Alexandra Lúgaro (MVC) ,"  2,728", 17.2  ,Cidra,G
 César Augusto Vázquez Muñiz (PD) ,  737, 4.6  ,Cidra,G
 Eliezer Molina Pérez (Ind.) ,  84, 0.5 ,Cidra,G
 Jenniffer González Colón (PNP) ,"  6,226", 40.4  ,Cidra,R
 Aníbal Acevedo Vilá (PPD) ,"  4,399", 28.6  ,Cidra,R
 Zayira Jordán Conde (MVC) ,"  2,407", 15.6  ,Cidra,R
 Luis Roberto Piñero (PIP) ,"  1,413", 9.2  ,Cidra,R
 Ada Norah Henriquez (PD) ,  958, 6.2,Cidra,R
Carlos (Charlie) Delgado Altieri (PPD) ,"  5,310", 38.7  ,Coamo,G
 Pedro Pierluisi (PNP) ,"  4,565", 33.3  ,Coamo,G
 Alexandra Lúgaro (MVC) ,"  1,664", 12.1  ,Coamo,G
 Juan Dalmau Ramírez (PIP) ,"  1,505", 11.0  ,Coamo,G
 César Augusto Vázquez Muñiz (PD) ,  585, 4.3  ,Coamo,G
 Eliezer Molina Pérez (Ind.) ,  78, 0.6  ,Coamo,G
 Jenniffer González Colón (PNP) ,"  5,326", 40.0  ,Coamo,R
 Aníbal Acevedo Vilá (PPD) ,"  5,130", 38.5  ,Coamo,R
 Zayira Jordán Conde (MVC) ,"  1,450", 10.9  ,Coamo,R
 Ada Norah Henriquez (PD) ,  742, 5.6  ,Coamo,R
 Luis Roberto Piñero (PIP) ,  675, 5.1,Coamo,R
Carlos (Charlie) Delgado Altieri (PPD) ,"  3,007", 37.9  ,Comerío,G
 Pedro Pierluisi (PNP) ,"  2,657", 33.5  ,Comerío,G
 Alexandra Lúgaro (MVC) ,"  1,101", 13.9  ,Comerío,G
 Juan Dalmau Ramírez (PIP) ,  810, 10.2  ,Comerío,G
 César Augusto Vázquez Muñiz (PD) ,  300, 3.8  ,Comerío,G
 Eliezer Molina Pérez (Ind.) ,  65, 0.8 ,Comerío,G
Jenniffer González Colón (PNP) ,"  3,087", 40.3  ,Comerío,R
 Aníbal Acevedo Vilá (PPD) ,"  2,975", 38.9  ,Comerío,R
 Zayira Jordán Conde (MVC) ,  891, 11.6  ,Comerío,R
 Luis Roberto Piñero (PIP) ,  373, 4.9  ,Comerío,R
 Ada Norah Henriquez (PD) ,  329, 4.3 ,Comerío,R
Pedro Pierluisi (PNP) ,"  5,940", 40.1  ,Corozal,G
 Carlos (Charlie) Delgado Altieri (PPD) ,"  4,898", 33.1  ,Corozal,G
 Alexandra Lúgaro (MVC) ,"  2,052", 13.9  ,Corozal,G
 Juan Dalmau Ramírez (PIP) ,"  1,255", 8.5  ,Corozal,G
 César Augusto Vázquez Muñiz (PD) ,  566, 3.8  ,Corozal,G
 Eliezer Molina Pérez (Ind.) ,  86, 0.6,Corozal,G
Jenniffer González Colón (PNP) ,"  6,886", 47.7  ,Corozal,R
 Aníbal Acevedo Vilá (PPD) ,"  4,721", 32.7  ,Corozal,R
 Zayira Jordán Conde (MVC) ,"  1,638", 11.3  ,Corozal,R
 Ada Norah Henriquez (PD) ,  636, 4.4  ,Corozal,R
 Luis Roberto Piñero (PIP) ,  554, 3.8 ,Corozal,R
 Pedro Pierluisi (PNP) ,  395, 34.7  ,Culebra,G
 Carlos (Charlie) Delgado Altieri (PPD) ,  371, 32.6  ,Culebra,G
 Alexandra Lúgaro (MVC) ,  206, 18.1  ,Culebra,G
 Juan Dalmau Ramírez (PIP) ,  96, 8.4  ,Culebra,G
 César Augusto Vázquez Muñiz (PD) ,  49, 4.3  ,Culebra,G
 Eliezer Molina Pérez (Ind.) ,  20, 1.8 ,Culebra,G
Jenniffer González Colón (PNP) ,  444, 41.4  ,Culebra,R
 Aníbal Acevedo Vilá (PPD) ,  336, 31.3  ,Culebra,R
 Zayira Jordán Conde (MVC) ,  183, 17.1  ,Culebra,R
 Luis Roberto Piñero (PIP) ,  57, 5.3  ,Culebra,R
 Ada Norah Henriquez (PD) ,  53, 4.9,Culebra,R
Carlos (Charlie) Delgado Altieri (PPD) ,"  4,646", 32.0  ,Dorado,G
 Pedro Pierluisi (PNP) ,"  4,232", 29.1  ,Dorado,G
 Juan Dalmau Ramírez (PIP) ,"  2,284", 15.7  ,Dorado,G
 Alexandra Lúgaro (MVC) ,"  2,142", 14.7  ,Dorado,G
 César Augusto Vázquez Muñiz (PD) ,"  1,099", 7.6  ,Dorado,G
 Eliezer Molina Pérez (Ind.) ,  122, 0.8 ,Dorado,G
Jenniffer González Colón (PNP) ,"  5,245", 37.3  ,Dorado,R
 Aníbal Acevedo Vilá (PPD) ,"  4,734", 33.7  ,Dorado,R
 Zayira Jordán Conde (MVC) ,"  1,990", 14.2  ,Dorado,R
 Ada Norah Henriquez (PD) ,"  1,160", 8.2  ,Dorado,R
 Luis Roberto Piñero (PIP) ,  933, 6.6 ,Dorado,R
Pedro Pierluisi (PNP) ,"  3,630", 37.3  ,Fajardo,G
 Carlos (Charlie) Delgado Altieri (PPD) ,"  2,563", 26.3  ,Fajardo,G
 Alexandra Lúgaro (MVC) ,"  1,376", 14.1  ,Fajardo,G
 Juan Dalmau Ramírez (PIP) ,"  1,210", 12.4  ,Fajardo,G
 César Augusto Vázquez Muñiz (PD) ,  857, 8.8  ,Fajardo,G
 Eliezer Molina Pérez (Ind.) ,  108, 1.1,Fajardo,G
Jenniffer González Colón (PNP) ,"  4,362", 46.3  ,Fajardo,R
 Aníbal Acevedo Vilá (PPD) ,"  2,343", 24.9  ,Fajardo,R
 Zayira Jordán Conde (MVC) ,"  1,196", 12.7  ,Fajardo,R
 Ada Norah Henriquez (PD) ,  938, 10.0  ,Fajardo,R
 Luis Roberto Piñero (PIP) ,  577, 6.1,Fajardo,R
Pedro Pierluisi (PNP) ,"  1,756", 36.4  ,Florida,G
 Carlos (Charlie) Delgado Altieri (PPD) ,"  1,337", 27.7  ,Florida,G
 César Augusto Vázquez Muñiz (PD) ,  932, 19.3  ,Florida,G
 Alexandra Lúgaro (MVC) ,  426, 8.8  ,Florida,G
 Juan Dalmau Ramírez (PIP) ,  337, 7.0  ,Florida,G
 Eliezer Molina Pérez (Ind.) ,  33, 0.7,Florida,G
Jenniffer González Colón (PNP) ,"  2,111", 45.8  ,Florida,R
 Aníbal Acevedo Vilá (PPD) ,"  1,144", 24.8  ,Florida,R
 Ada Norah Henriquez (PD) ,  820, 17.8  ,Florida,R
 Zayira Jordán Conde (MVC) ,  342, 7.4  ,Florida,R
 Luis Roberto Piñero (PIP) ,  190, 4.1,Florida,R
 Carlos (Charlie) Delgado Altieri (PPD) ,"  2,018", 34.1  ,Guánica,G
 Pedro Pierluisi (PNP) ,"  1,940", 32.8  ,Guánica,G
 Alexandra Lúgaro (MVC) ,  881, 14.9  ,Guánica,G
 Juan Dalmau Ramírez (PIP) ,  727, 12.3  ,Guánica,G
 César Augusto Vázquez Muñiz (PD) ,  268, 4.5  ,Guánica,G
 Eliezer Molina Pérez (Ind.) ,  87, 1.5,Guánica,G
Jenniffer González Colón (PNP) ,"  2,362", 42.2  ,Guánica,R
 Aníbal Acevedo Vilá (PPD) ,"  1,944", 34.8  ,Guánica,R
 Zayira Jordán Conde (MVC) ,  694, 12.4  ,Guánica,R
 Luis Roberto Piñero (PIP) ,  322, 5.8  ,Guánica,R
 Ada Norah Henriquez (PD) ,  272, 4.9  ,Guánica,R
Carlos (Charlie) Delgado Altieri (PPD) ,"  4,676", 33.7  ,Guayama,G
 Pedro Pierluisi (PNP) ,"  4,585", 33.0  ,Guayama,G
 Juan Dalmau Ramírez (PIP) ,"  2,109", 15.2  ,Guayama,G
 Alexandra Lúgaro (MVC) ,"  1,621", 11.7  ,Guayama,G
 César Augusto Vázquez Muñiz (PD) ,  806, 5.8  ,Guayama,G
 Eliezer Molina Pérez (Ind.) ,  97, 0.7 ,Guayama,G
 Jenniffer González Colón (PNP) ,"  5,524", 41.0  ,Guayama,R
 Aníbal Acevedo Vilá (PPD) ,"  4,561", 33.8  ,Guayama,R
 Zayira Jordán Conde (MVC) ,"  1,464", 10.9  ,Guayama,R
 Ada Norah Henriquez (PD) ,"  1,007", 7.5  ,Guayama,R
 Luis Roberto Piñero (PIP) ,  922, 6.8 ,Guayama,R
Carlos (Charlie) Delgado Altieri (PPD) ,"  3,055", 35.5  ,Guayanilla,G
 Pedro Pierluisi (PNP) ,"  2,878", 33.4  ,Guayanilla,G
 Alexandra Lúgaro (MVC) ,"  1,126", 13.1  ,Guayanilla,G
 Juan Dalmau Ramírez (PIP) ,"  1,080", 12.5  ,Guayanilla,G
 César Augusto Vázquez Muñiz (PD) ,  407, 4.7  ,Guayanilla,G
 Eliezer Molina Pérez (Ind.) ,  62, 0.7,Guayanilla,G
Jenniffer González Colón (PNP) ,"  3,537", 43.0  ,Guayanilla,R
 Aníbal Acevedo Vilá (PPD) ,"  2,746", 33.4  ,Guayanilla,R
 Zayira Jordán Conde (MVC) ,  946, 11.5  ,Guayanilla,R
 Luis Roberto Piñero (PIP) ,  541, 6.6  ,Guayanilla,R
 Ada Norah Henriquez (PD) ,  462, 5.6 ,Guayanilla,R
Pedro Pierluisi (PNP) ,"  13,702", 37.2  ,Guaynabo,G
 Carlos (Charlie) Delgado Altieri (PPD) ,"  8,070", 21.9  ,Guaynabo,G
 Juan Dalmau Ramírez (PIP) ,"  7,073", 19.2  ,Guaynabo,G
 Alexandra Lúgaro (MVC) ,"  5,595", 15.2  ,Guaynabo,G
 César Augusto Vázquez Muñiz (PD) ,"  2,185", 5.9  ,Guaynabo,G
 Eliezer Molina Pérez (Ind.) ,  215, 0.6  ,Guaynabo,G
Jenniffer González Colón (PNP) ,"  16,047", 44.6  ,Guaynabo,R
 Aníbal Acevedo Vilá (PPD) ,"  9,227", 25.7  ,Guaynabo,R
 Zayira Jordán Conde (MVC) ,"  5,379", 15.0  ,Guaynabo,R
 Luis Roberto Piñero (PIP) ,"  2,896", 8.1  ,Guaynabo,R
 Ada Norah Henriquez (PD) ,"  2,403", 6.7,Guaynabo,R
Pedro Pierluisi (PNP) ,"  5,318", 33.5  ,Gurabo,G
 Carlos (Charlie) Delgado Altieri (PPD) ,"  4,012", 25.3  ,Gurabo,G
 Juan Dalmau Ramírez (PIP) ,"  2,790", 17.6  ,Gurabo,G
 Alexandra Lúgaro (MVC) ,"  2,390", 15.1  ,Gurabo,G
 César Augusto Vázquez Muñiz (PD) ,"  1,286", 8.1  ,Gurabo,G
 Eliezer Molina Pérez (Ind.) ,  69, 0.4,Gurabo,G
 Jenniffer González Colón (PNP) ,"  6,441", 41.7  ,Gurabo,R
 Aníbal Acevedo Vilá (PPD) ,"  4,205", 27.2  ,Gurabo,R
 Zayira Jordán Conde (MVC) ,"  2,194", 14.2  ,Gurabo,R
 Ada Norah Henriquez (PD) ,"  1,426", 9.2  ,Gurabo,R
 Luis Roberto Piñero (PIP) ,"  1,188", 7.7 ,Gurabo,R
Carlos (Charlie) Delgado Altieri (PPD) ,"  5,412", 37.1  ,Hatillo,G
 Pedro Pierluisi (PNP) ,"  4,752", 32.6  ,Hatillo,G
 César Augusto Vázquez Muñiz (PD) ,"  1,484", 10.2  ,Hatillo,G
 Alexandra Lúgaro (MVC) ,"  1,436", 9.9  ,Hatillo,G
 Juan Dalmau Ramírez (PIP) ,"  1,380", 9.5  ,Hatillo,G
 Eliezer Molina Pérez (Ind.) ,  107, 0.7,Hatillo,G
Jenniffer González Colón (PNP) ,"  5,741", 40.3  ,Hatillo,R
 Aníbal Acevedo Vilá (PPD) ,"  5,062", 35.5  ,Hatillo,R
 Ada Norah Henriquez (PD) ,"  1,547", 10.9  ,Hatillo,R
 Zayira Jordán Conde (MVC) ,"  1,304", 9.2  ,Hatillo,R
 Luis Roberto Piñero (PIP) ,  595, 4.2  ,Hatillo,R
Carlos (Charlie) Delgado Altieri (PPD) ,"  2,340", 34.9  ,Hormigueros,G
 Pedro Pierluisi (PNP) ,"  1,817", 27.1  ,Hormigueros,G
 Alexandra Lúgaro (MVC) ,"  1,093", 16.3  ,Hormigueros,G
 Juan Dalmau Ramírez (PIP) ,"  1,062", 15.8  ,Hormigueros,G
 César Augusto Vázquez Muñiz (PD) ,  361, 5.4  ,Hormigueros,G
 Eliezer Molina Pérez (Ind.) ,  39, 0.6,Hormigueros,G
Aníbal Acevedo Vilá (PPD) ,"  2,316", 35.6  ,Hormigueros,R
 Jenniffer González Colón (PNP) ,"  2,273", 34.9  ,Hormigueros,R
 Zayira Jordán Conde (MVC) ,  948, 14.6  ,Hormigueros,R
 Luis Roberto Piñero (PIP) ,  533, 8.2  ,Hormigueros,R
 Ada Norah Henriquez (PD) ,  439, 6.7,Hormigueros,R
Carlos (Charlie) Delgado Altieri (PPD) ,"  6,945", 35.7  ,Humacao,G
 Pedro Pierluisi (PNP) ,"  5,834", 30.0  ,Humacao,G
 Juan Dalmau Ramírez (PIP) ,"  2,389", 12.3  ,Humacao,G
 Alexandra Lúgaro (MVC) ,"  2,244", 11.5  ,Humacao,G
 César Augusto Vázquez Muñiz (PD) ,"  1,945", 10.0  ,Humacao,G
 Eliezer Molina Pérez (Ind.) ,  102, 0.5  ,Humacao,G
Jenniffer González Colón (PNP) ,"  7,144", 38.3  ,Humacao,R
 Aníbal Acevedo Vilá (PPD) ,"  6,460", 34.6  ,Humacao,R
 Ada Norah Henriquez (PD) ,"  2,025", 10.9  ,Humacao,R
 Zayira Jordán Conde (MVC) ,"  1,956", 10.5  ,Humacao,R
 Luis Roberto Piñero (PIP) ,"  1,073", 5.8 ,Humacao,R
Carlos (Charlie) Delgado Altieri (PPD) ,"  7,928", 44.1  ,Isabela,G
 Pedro Pierluisi (PNP) ,"  5,743", 32.0  ,Isabela,G
 Alexandra Lúgaro (MVC) ,"  1,655", 9.2  ,Isabela,G
 Juan Dalmau Ramírez (PIP) ,"  1,336", 7.4  ,Isabela,G
 César Augusto Vázquez Muñiz (PD) ,"  1,119", 6.2  ,Isabela,G
 Eliezer Molina Pérez (Ind.) ,  185, 1.0 ,Isabela,G
Jenniffer González Colón (PNP) ,"  7,074", 40.9  ,Isabela,R
 Aníbal Acevedo Vilá (PPD) ,"  6,829", 39.5  ,Isabela,R
 Zayira Jordán Conde (MVC) ,"  1,485", 8.6  ,Isabela,R
 Ada Norah Henriquez (PD) ,"  1,281", 7.4  ,Isabela,R
 Luis Roberto Piñero (PIP) ,  624, 3.6,Isabela,R
Carlos (Charlie) Delgado Altieri (PPD) ,"  3,071", 40.5  ,Jayuya,G
 Pedro Pierluisi (PNP) ,"  2,796", 36.9  ,Jayuya,G
 Alexandra Lúgaro (MVC) ,  631, 8.3  ,Jayuya,G
 Juan Dalmau Ramírez (PIP) ,  598, 7.9  ,Jayuya,G
 César Augusto Vázquez Muñiz (PD) ,  440, 5.8  ,Jayuya,G
 Eliezer Molina Pérez (Ind.) ,  45, 0.6,Jayuya,G
Jenniffer González Colón (PNP) ,"  3,116", 42.6  ,Jayuya,R
 Aníbal Acevedo Vilá (PPD) ,"  2,962", 40.5  ,Jayuya,R
 Zayira Jordán Conde (MVC) ,  522, 7.1  ,Jayuya,R
 Ada Norah Henriquez (PD) ,  464, 6.3  ,Jayuya,R
 Luis Roberto Piñero (PIP) ,  255, 3.5 ,Jayuya,R
Carlos (Charlie) Delgado Altieri (PPD) ,"  5,504", 33.4  ,Juana Díaz,G
 Pedro Pierluisi (PNP) ,"  5,286", 32.1  ,Juana Díaz,G
 Alexandra Lúgaro (MVC) ,"  2,213", 13.4  ,Juana Díaz,G
 Juan Dalmau Ramírez (PIP) ,"  2,089", 12.7  ,Juana Díaz,G
 César Augusto Vázquez Muñiz (PD) ,"  1,285", 7.8  ,Juana Díaz,G
 Eliezer Molina Pérez (Ind.) ,  100, 0.6 ,Juana Díaz,G
Jenniffer González Colón (PNP) ,"  6,325", 39.4  ,Juana Díaz,R
 Aníbal Acevedo Vilá (PPD) ,"  5,324", 33.2  ,Juana Díaz,R
 Zayira Jordán Conde (MVC) ,"  1,980", 12.3  ,Juana Díaz,R
 Ada Norah Henriquez (PD) ,"  1,467", 9.1  ,Juana Díaz,R
 Luis Roberto Piñero (PIP) ,  949, 5.9,Juana Díaz,R
Pedro Pierluisi (PNP) ,"  4,328", 32.8  ,Juncos,G
 Carlos (Charlie) Delgado Altieri (PPD) ,"  4,198", 31.8  ,Juncos,G
 Juan Dalmau Ramírez (PIP) ,"  1,713", 13.0  ,Juncos,G
 Alexandra Lúgaro (MVC) ,"  1,703", 12.9  ,Juncos,G
 César Augusto Vázquez Muñiz (PD) ,"  1,157", 8.8  ,Juncos,G
 Eliezer Molina Pérez (Ind.) ,  87, 0.7,Juncos,G
Jenniffer González Colón (PNP) ,"  5,176", 40.3  ,Juncos,R
 Aníbal Acevedo Vilá (PPD) ,"  4,089", 31.9  ,Juncos,R
 Zayira Jordán Conde (MVC) ,"  1,522", 11.9  ,Juncos,R
 Ada Norah Henriquez (PD) ,"  1,275", 9.9  ,Juncos,R
 Luis Roberto Piñero (PIP) ,  770, 6.0,Juncos,R
Carlos (Charlie) Delgado Altieri (PPD) ,"  3,116", 34.8  ,Lajas,G
 Pedro Pierluisi (PNP) ,"  3,053", 34.1  ,Lajas,G
 Alexandra Lúgaro (MVC) ,"  1,190", 13.3  ,Lajas,G
 Juan Dalmau Ramírez (PIP) ,"  1,094", 12.2  ,Lajas,G
 César Augusto Vázquez Muñiz (PD) ,  457, 5.1  ,Lajas,G
 Eliezer Molina Pérez (Ind.) ,  53, 0.6,Lajas,G
Jenniffer González Colón (PNP) ,"  3,695", 43.1  ,Lajas,R
 Aníbal Acevedo Vilá (PPD) ,"  2,869", 33.5  ,Lajas,R
 Zayira Jordán Conde (MVC) ,  992, 11.6  ,Lajas,R
 Luis Roberto Piñero (PIP) ,  531, 6.2  ,Lajas,R
 Ada Norah Henriquez (PD) ,  480, 5.6,Lajas,R
Carlos (Charlie) Delgado Altieri (PPD) ,"  6,168", 43.6  ,Lares,G
 Pedro Pierluisi (PNP) ,"  4,985", 35.2  ,Lares,G
 César Augusto Vázquez Muñiz (PD) ,"  1,189", 8.4  ,Lares,G
 Juan Dalmau Ramírez (PIP) ,  917, 6.5  ,Lares,G
 Alexandra Lúgaro (MVC) ,  824, 5.8  ,Lares,G
 Eliezer Molina Pérez (Ind.) ,  62, 0.4,Lares,G
Jenniffer González Colón (PNP) ,"  5,883", 43.0  ,Lares,R
 Aníbal Acevedo Vilá (PPD) ,"  5,402", 39.5  ,Lares,R
 Ada Norah Henriquez (PD) ,"  1,111", 8.1  ,Lares,R
 Zayira Jordán Conde (MVC) ,  784, 5.7  ,Lares,R
 Luis Roberto Piñero (PIP) ,  501, 3.7,Lares,R
Pedro Pierluisi (PNP) ,"  2,427", 43.0  ,Las Marías,G
 Carlos (Charlie) Delgado Altieri (PPD) ,"  2,188", 38.7  ,Las Marías,G
 César Augusto Vázquez Muñiz (PD) ,  372, 6.6  ,Las Marías,G
 Alexandra Lúgaro (MVC) ,  319, 5.6  ,Las Marías,G
 Juan Dalmau Ramírez (PIP) ,  297, 5.3  ,Las Marías,G
 Eliezer Molina Pérez (Ind.) ,  46, 0.8 ,Las Marías,G
Jenniffer González Colón (PNP) ,"  2,728", 50.6  ,Las Marías,R
 Aníbal Acevedo Vilá (PPD) ,"  1,939", 36.0  ,Las Marías,R
 Ada Norah Henriquez (PD) ,  345, 6.4  ,Las Marías,R
 Zayira Jordán Conde (MVC) ,  266, 4.9  ,Las Marías,R
 Luis Roberto Piñero (PIP) ,  108, 2.0,Las Marías,R
Pedro Pierluisi (PNP) ,"  5,298", 38.7  ,Las Piedras,G
 Carlos (Charlie) Delgado Altieri (PPD) ,"  3,763", 27.5  ,Las Piedras,G
 Alexandra Lúgaro (MVC) ,"  1,775", 13.0  ,Las Piedras,G
 Juan Dalmau Ramírez (PIP) ,"  1,594", 11.7  ,Las Piedras,G
 César Augusto Vázquez Muñiz (PD) ,"  1,166", 8.5  ,Las Piedras,G
 Eliezer Molina Pérez (Ind.) ,  82, 0.6,Las Piedras,G
Jenniffer González Colón (PNP) ,"  6,139", 46.1  ,Las Piedras,R
 Aníbal Acevedo Vilá (PPD) ,"  3,592", 27.0  ,Las Piedras,R
 Zayira Jordán Conde (MVC) ,"  1,535", 11.5  ,Las Piedras,R
 Ada Norah Henriquez (PD) ,"  1,300", 9.8  ,Las Piedras,R
 Luis Roberto Piñero (PIP) ,  751, 5.6,Las Piedras,R
Pedro Pierluisi (PNP) ,"  3,352", 37.3  ,Loíza,G
 Carlos (Charlie) Delgado Altieri (PPD) ,"  3,142", 34.9  ,Loíza,G
 Juan Dalmau Ramírez (PIP) ,  872, 9.7  ,Loíza,G
 César Augusto Vázquez Muñiz (PD) ,  816, 9.1  ,Loíza,G
 Alexandra Lúgaro (MVC) ,  749, 8.3  ,Loíza,G
 Eliezer Molina Pérez (Ind.) ,  66, 0.7,Loíza,G
Jenniffer González Colón (PNP) ,"  4,194", 49.4  ,Loíza,R
 Aníbal Acevedo Vilá (PPD) ,"  2,599", 30.6  ,Loíza,R
 Ada Norah Henriquez (PD) ,  740, 8.7  ,Loíza,R
 Zayira Jordán Conde (MVC) ,  610, 7.2  ,Loíza,R
 Luis Roberto Piñero (PIP) ,  355, 4.2,Loíza,R
Pedro Pierluisi (PNP) ,"  2,186", 34.2  ,Luquillo,G
 Carlos (Charlie) Delgado Altieri (PPD) ,"  2,085", 32.6  ,Luquillo,G
 Alexandra Lúgaro (MVC) ,  794, 12.4  ,Luquillo,G
 Juan Dalmau Ramírez (PIP) ,  688, 10.8  ,Luquillo,G
 César Augusto Vázquez Muñiz (PD) ,  575, 9.0  ,Luquillo,G
 Eliezer Molina Pérez (Ind.) ,  61, 1.0  ,Luquillo,G
Jenniffer González Colón (PNP) ,"  2,590", 41.9  ,Luquillo,R
 Aníbal Acevedo Vilá (PPD) ,"  1,959", 31.7  ,Luquillo,R
 Zayira Jordán Conde (MVC) ,  703, 11.4  ,Luquillo,R
 Ada Norah Henriquez (PD) ,  595, 9.6  ,Luquillo,R
 Luis Roberto Piñero (PIP) ,  338, 5.5 ,Luquillo,R
Pedro Pierluisi (PNP) ,"  5,220", 37.1  ,Manatí,G
 Carlos (Charlie) Delgado Altieri (PPD) ,"  3,717", 26.4  ,Manatí,G
 Alexandra Lúgaro (MVC) ,"  1,843", 13.1  ,Manatí,G
 César Augusto Vázquez Muñiz (PD) ,"  1,689", 12.0  ,Manatí,G
 Juan Dalmau Ramírez (PIP) ,"  1,510", 10.7  ,Manatí,G
 Eliezer Molina Pérez (Ind.) ,  109, 0.8  ,Manatí,G
Jenniffer González Colón (PNP) ,"  6,303", 46.2  ,Manatí,R
 Aníbal Acevedo Vilá (PPD) ,"  3,453", 25.3  ,Manatí,R
 Ada Norah Henriquez (PD) ,"  1,620", 11.9  ,Manatí,R
 Zayira Jordán Conde (MVC) ,"  1,613", 11.8  ,Manatí,R
 Luis Roberto Piñero (PIP) ,  646, 4.7,Manatí,R
Pedro Pierluisi (PNP) ,"  1,347", 42.4  ,Maricao,G
 Carlos (Charlie) Delgado Altieri (PPD) ,"  1,269", 40.0  ,Maricao,G
 Alexandra Lúgaro (MVC) ,  184, 5.8  ,Maricao,G
 César Augusto Vázquez Muñiz (PD) ,  179, 5.6  ,Maricao,G
 Juan Dalmau Ramírez (PIP) ,  178, 5.6  ,Maricao,G
 Eliezer Molina Pérez (Ind.) ,  19, 0.6  ,Maricao,G
Jenniffer González Colón (PNP) ,"  1,537", 51.0  ,Maricao,R
 Aníbal Acevedo Vilá (PPD) ,"  1,078", 35.8  ,Maricao,R
 Ada Norah Henriquez (PD) ,  165, 5.5  ,Maricao,R
 Zayira Jordán Conde (MVC) ,  149, 4.9  ,Maricao,R
 Luis Roberto Piñero (PIP) ,  86, 2.9 ,Maricao,R
Carlos (Charlie) Delgado Altieri (PPD) ,"  2,338", 41.6  ,Maunabo,G
 Pedro Pierluisi (PNP) ,"  2,297", 40.8  ,Maunabo,G
 Juan Dalmau Ramírez (PIP) ,  514, 9.1  ,Maunabo,G
 Alexandra Lúgaro (MVC) ,  309, 5.5  ,Maunabo,G
 César Augusto Vázquez Muñiz (PD) ,  144, 2.6  ,Maunabo,G
 Eliezer Molina Pérez (Ind.) ,  23, 0.4,Maunabo,G
 Jenniffer González Colón (PNP) ,"  2,532", 46.6  ,Maunabo,R
 Aníbal Acevedo Vilá (PPD) ,"  2,178", 40.1  ,Maunabo,R
 Luis Roberto Piñero (PIP) ,  284, 5.2  ,Maunabo,R
 Zayira Jordán Conde (MVC) ,  247, 4.5  ,Maunabo,R
 Ada Norah Henriquez (PD) ,  191, 3.5,Maunabo,R
Carlos (Charlie) Delgado Altieri (PPD) ,"  8,887", 33.9  ,Mayagüez,G
 Pedro Pierluisi (PNP) ,"  7,809", 29.8  ,Mayagüez,G
 Juan Dalmau Ramírez (PIP) ,"  3,937", 15.0  ,Mayagüez,G
 Alexandra Lúgaro (MVC) ,"  3,778", 14.4  ,Mayagüez,G
 César Augusto Vázquez Muñiz (PD) ,"  1,601", 6.1  ,Mayagüez,G
 Eliezer Molina Pérez (Ind.) ,  169, 0.6,Mayagüez,G
Jenniffer González Colón (PNP) ,"  9,692", 38.3  ,Mayagüez,R
 Aníbal Acevedo Vilá (PPD) ,"  8,692", 34.4  ,Mayagüez,R
 Zayira Jordán Conde (MVC) ,"  3,246", 12.8  ,Mayagüez,R
 Luis Roberto Piñero (PIP) ,"  1,957", 7.7  ,Mayagüez,R
 Ada Norah Henriquez (PD) ,"  1,716", 6.8 ,Mayagüez,R
 Pedro Pierluisi (PNP) ,"  6,490", 40.6  ,Moca,G
 Carlos (Charlie) Delgado Altieri (PPD) ,"  5,949", 37.2  ,Moca,G
 Alexandra Lúgaro (MVC) ,"  1,302", 8.1  ,Moca,G
 César Augusto Vázquez Muñiz (PD) ,"  1,102", 6.9  ,Moca,G
 Juan Dalmau Ramírez (PIP) ,"  1,043", 6.5  ,Moca,G
 Eliezer Molina Pérez (Ind.) ,  92, 0.6 ,Moca,G
Jenniffer González Colón (PNP) ,"  7,692", 49.4  ,Moca,R
 Aníbal Acevedo Vilá (PPD) ,"  5,184", 33.3  ,Moca,R
 Zayira Jordán Conde (MVC) ,"  1,124", 7.2  ,Moca,R
 Ada Norah Henriquez (PD) ,"  1,088", 7.0  ,Moca,R
 Luis Roberto Piñero (PIP) ,  486, 3.1,Moca,R
Carlos (Charlie) Delgado Altieri (PPD) ,"  5,507", 41.4  ,Morovis,G
 Pedro Pierluisi (PNP) ,"  4,607", 34.7  ,Morovis,G
 Alexandra Lúgaro (MVC) ,"  1,490", 11.2  ,Morovis,G
 Juan Dalmau Ramírez (PIP) ,  914, 6.9  ,Morovis,G
 César Augusto Vázquez Muñiz (PD) ,  701, 5.3  ,Morovis,G
 Eliezer Molina Pérez (Ind.) ,  72, 0.5 ,Morovis,G
Jenniffer González Colón (PNP) ,"  5,359", 41.5  ,Morovis,R
 Aníbal Acevedo Vilá (PPD) ,"  5,226", 40.4  ,Morovis,R
 Zayira Jordán Conde (MVC) ,"  1,252", 9.7  ,Morovis,R
 Ada Norah Henriquez (PD) ,  688, 5.3  ,Morovis,R
 Luis Roberto Piñero (PIP) ,  395, 3.1,Morovis,R
Carlos (Charlie) Delgado Altieri (PPD) ,"  2,954", 34.1  ,Naguabo,G
 Pedro Pierluisi (PNP) ,"  2,933", 33.9  ,Naguabo,G
 César Augusto Vázquez Muñiz (PD) ,"  1,093", 12.6  ,Naguabo,G
 Alexandra Lúgaro (MVC) ,  908, 10.5  ,Naguabo,G
 Juan Dalmau Ramírez (PIP) ,  720, 8.3  ,Naguabo,G
 Eliezer Molina Pérez (Ind.) ,  52, 0.6 ,Naguabo,G
Jenniffer González Colón (PNP) ,"  3,527", 42.1  ,Naguabo,R
 Aníbal Acevedo Vilá (PPD) ,"  2,689", 32.1  ,Naguabo,R
 Ada Norah Henriquez (PD) ,"  1,035", 12.4  ,Naguabo,R
 Zayira Jordán Conde (MVC) ,  775, 9.3  ,Naguabo,R
 Luis Roberto Piñero (PIP) ,  349, 4.2,Naguabo,R
Carlos (Charlie) Delgado Altieri (PPD) ,"  5,083", 37.3  ,Naranjito,G
 Pedro Pierluisi (PNP) ,"  4,667", 34.2  ,Naranjito,G
 Alexandra Lúgaro (MVC) ,"  2,000", 14.7  ,Naranjito,G
 Juan Dalmau Ramírez (PIP) ,"  1,347", 9.9  ,Naranjito,G
 César Augusto Vázquez Muñiz (PD) ,  478, 3.5  ,Naranjito,G
 Eliezer Molina Pérez (Ind.) ,  63, 0.5 ,Naranjito,G
 Jenniffer González Colón (PNP) ,"  5,374", 40.5  ,Naranjito,R
 Aníbal Acevedo Vilá (PPD) ,"  4,986", 37.6  ,Naranjito,R
 Zayira Jordán Conde (MVC) ,"  1,646", 12.4  ,Naranjito,R
 Luis Roberto Piñero (PIP) ,  677, 5.1  ,Naranjito,R
 Ada Norah Henriquez (PD) ,  575, 4.3 ,Naranjito,R
 Pedro Pierluisi (PNP) ,"  4,827", 45.4  ,Orocovis,G
 Carlos (Charlie) Delgado Altieri (PPD) ,"  3,713", 34.9  ,Orocovis,G
 Alexandra Lúgaro (MVC) ,"  1,036", 9.7  ,Orocovis,G
 Juan Dalmau Ramírez (PIP) ,  751, 7.1  ,Orocovis,G
 César Augusto Vázquez Muñiz (PD) ,  264, 2.5  ,Orocovis,G
 Eliezer Molina Pérez (Ind.) ,  40, 0.4 ,Orocovis,G
Jenniffer González Colón (PNP) ,"  5,297", 51.1  ,Orocovis,R
 Aníbal Acevedo Vilá (PPD) ,"  3,556", 34.3  ,Orocovis,R
 Zayira Jordán Conde (MVC) ,  858, 8.3  ,Orocovis,R
 Luis Roberto Piñero (PIP) ,  349, 3.4  ,Orocovis,R
 Ada Norah Henriquez (PD) ,  300, 2.9  ,Orocovis,R
Pedro Pierluisi (PNP) ,"  2,784", 38.3  ,Patillas,G
 Carlos (Charlie) Delgado Altieri (PPD) ,"  2,687", 36.9  ,Patillas,G
 Juan Dalmau Ramírez (PIP) ,  844, 11.6  ,Patillas,G
 Alexandra Lúgaro (MVC) ,  617, 8.5  ,Patillas,G
 César Augusto Vázquez Muñiz (PD) ,  291, 4.0  ,Patillas,G
 Eliezer Molina Pérez (Ind.) ,  53, 0.7  ,Patillas,G
Jenniffer González Colón (PNP) ,"  3,263", 46.3  ,Patillas,R
 Aníbal Acevedo Vilá (PPD) ,"  2,439", 34.6  ,Patillas,R
 Zayira Jordán Conde (MVC) ,  538, 7.6  ,Patillas,R
 Luis Roberto Piñero (PIP) ,  415, 5.9  ,Patillas,R
 Ada Norah Henriquez (PD) ,  386, 5.5 ,Patillas,R
Carlos (Charlie) Delgado Altieri (PPD) ,"  3,431", 34.8  ,Peñuelas,G
 Pedro Pierluisi (PNP) ,"  3,181", 32.3  ,Peñuelas,G
 Juan Dalmau Ramírez (PIP) ,"  1,444", 14.7  ,Peñuelas,G
 Alexandra Lúgaro (MVC) ,"  1,280", 13.0  ,Peñuelas,G
 César Augusto Vázquez Muñiz (PD) ,  453, 4.6  ,Peñuelas,G
 Eliezer Molina Pérez (Ind.) ,  62, 0.6  ,Peñuelas,G
Jenniffer González Colón (PNP) ,"  3,842", 41.1  ,Peñuelas,R
 Aníbal Acevedo Vilá (PPD) ,"  3,229", 34.6  ,Peñuelas,R
 Zayira Jordán Conde (MVC) ,"  1,025", 11.0  ,Peñuelas,R
 Luis Roberto Piñero (PIP) ,  727, 7.8  ,Peñuelas,R
 Ada Norah Henriquez (PD) ,  516, 5.5,Peñuelas,R
 Pedro Pierluisi (PNP) ,"  14,858", 30.4  ,Ponce,G
 Carlos (Charlie) Delgado Altieri (PPD) ,"  14,113", 28.8  ,Ponce,G
 Juan Dalmau Ramírez (PIP) ,"  8,092", 16.5  ,Ponce,G
 Alexandra Lúgaro (MVC) ,"  7,538", 15.4  ,Ponce,G
 César Augusto Vázquez Muñiz (PD) ,"  3,991", 8.2  ,Ponce,G
 Eliezer Molina Pérez (Ind.) ,  338, 0.7,Ponce,G
Jenniffer González Colón (PNP) ,"  18,260", 38.6  ,Ponce,R
 Aníbal Acevedo Vilá (PPD) ,"  13,900", 29.4  ,Ponce,R
 Zayira Jordán Conde (MVC) ,"  6,777", 14.3  ,Ponce,R
 Ada Norah Henriquez (PD) ,"  4,606", 9.7  ,Ponce,R
 Luis Roberto Piñero (PIP) ,"  3,792", 8.0,Ponce,R
Carlos (Charlie) Delgado Altieri (PPD) ,"  4,006", 39.8  ,Quebradillas,G
 Pedro Pierluisi (PNP) ,"  3,439", 34.2  ,Quebradillas,G
 Alexandra Lúgaro (MVC) ,"  1,001", 9.9  ,Quebradillas,G
 Juan Dalmau Ramírez (PIP) ,  935, 9.3  ,Quebradillas,G
 César Augusto Vázquez Muñiz (PD) ,  595, 5.9  ,Quebradillas,G
 Eliezer Molina Pérez (Ind.) ,  91, 0.9,Quebradillas,G
Jenniffer González Colón (PNP) ,"  4,119", 42.0  ,Quebradillas,R
 Aníbal Acevedo Vilá (PPD) ,"  3,767", 38.4  ,Quebradillas,R
 Zayira Jordán Conde (MVC) ,  868, 8.9  ,Quebradillas,R
 Ada Norah Henriquez (PD) ,  626, 6.4  ,Quebradillas,R
 Luis Roberto Piñero (PIP) ,  425, 4.3,Quebradillas,R
Carlos (Charlie) Delgado Altieri (PPD) ,"  2,590", 41.9  ,Rincón,G
 Pedro Pierluisi (PNP) ,"  1,634", 26.4  ,Rincón,G
 Alexandra Lúgaro (MVC) ,"  1,040", 16.8  ,Rincón,G
 Juan Dalmau Ramírez (PIP) ,  632, 10.2  ,Rincón,G
 César Augusto Vázquez Muñiz (PD) ,  206, 3.3  ,Rincón,G
 Eliezer Molina Pérez (Ind.) ,  77, 1.2 ,Rincón,G
Aníbal Acevedo Vilá (PPD) ,"  2,326", 39.6  ,Rincón,R
 Jenniffer González Colón (PNP) ,"  2,139", 36.4  ,Rincón,R
 Zayira Jordán Conde (MVC) ,  913, 15.5  ,Rincón,R
 Luis Roberto Piñero (PIP) ,  259, 4.4  ,Rincón,R
 Ada Norah Henriquez (PD) ,  244, 4.1,Rincón,R
Carlos (Charlie) Delgado Altieri (PPD) ,"  5,592", 33.9  ,Río Grande,G
 Pedro Pierluisi (PNP) ,"  5,124", 31.1  ,Río Grande,G
 Alexandra Lúgaro (MVC) ,"  2,021", 12.2  ,Río Grande,G
 Juan Dalmau Ramírez (PIP) ,"  1,927", 11.7  ,Río Grande,G
 César Augusto Vázquez Muñiz (PD) ,"  1,706", 10.3  ,Río Grande,G
 Eliezer Molina Pérez (Ind.) ,  129, 0.8 ,Río Grande,G
Jenniffer González Colón (PNP) ,"  6,387", 40.2  ,Río Grande,R
 Aníbal Acevedo Vilá (PPD) ,"  5,157", 32.5  ,Río Grande,R
 Zayira Jordán Conde (MVC) ,"  1,750", 11.0  ,Río Grande,R
 Ada Norah Henriquez (PD) ,"  1,718", 10.8  ,Río Grande,R
 Luis Roberto Piñero (PIP) ,  870, 5.5,Río Grande,R
 Carlos (Charlie) Delgado Altieri (PPD) ,"  4,236", 44.4  ,Sabana Grande,G
 Pedro Pierluisi (PNP) ,"  2,594", 27.2  ,Sabana Grande,G
 Juan Dalmau Ramírez (PIP) ,"  1,195", 12.5  ,Sabana Grande,G
 Alexandra Lúgaro (MVC) ,"  1,088", 11.4  ,Sabana Grande,G
 César Augusto Vázquez Muñiz (PD) ,  362, 3.8  ,Sabana Grande,G
 Eliezer Molina Pérez (Ind.) ,  58, 0.6,Sabana Grande,G
 Aníbal Acevedo Vilá (PPD) ,"  3,924", 43.0  ,Sabana Grande,R
 Jenniffer González Colón (PNP) ,"  3,243", 35.6  ,Sabana Grande,R
 Zayira Jordán Conde (MVC) ,  973, 10.7  ,Sabana Grande,R
 Luis Roberto Piñero (PIP) ,  553, 6.1  ,Sabana Grande,R
 Ada Norah Henriquez (PD) ,  429, 4.7,Sabana Grande,R
Carlos (Charlie) Delgado Altieri (PPD) ,"  3,753", 37.6  ,Salinas,G
 Pedro Pierluisi (PNP) ,"  3,186", 31.9  ,Salinas,G
 Alexandra Lúgaro (MVC) ,"  1,325", 13.3  ,Salinas,G
 Juan Dalmau Ramírez (PIP) ,"  1,218", 12.2  ,Salinas,G
 César Augusto Vázquez Muñiz (PD) ,  442, 4.4  ,Salinas,G
 Eliezer Molina Pérez (Ind.) ,  60, 0.6 ,Salinas,G
Jenniffer González Colón (PNP) ,"  3,887", 40.3  ,Salinas,R
 Aníbal Acevedo Vilá (PPD) ,"  3,611", 37.5  ,Salinas,R
 Zayira Jordán Conde (MVC) ,"  1,068", 11.1  ,Salinas,R
 Luis Roberto Piñero (PIP) ,  544, 5.6  ,Salinas,R
 Ada Norah Henriquez (PD) ,  531, 5.5,Salinas,R
Carlos (Charlie) Delgado Altieri (PPD) ,"  4,413", 34.3  ,San Germán,G
 Pedro Pierluisi (PNP) ,"  4,120", 32.0  ,San Germán,G
 Juan Dalmau Ramírez (PIP) ,"  1,857", 14.4  ,San Germán,G
 Alexandra Lúgaro (MVC) ,"  1,799", 14.0  ,San Germán,G
 César Augusto Vázquez Muñiz (PD) ,  603, 4.7  ,San Germán,G
 Eliezer Molina Pérez (Ind.) ,  91, 0.7 ,San Germán,G
Jenniffer González Colón (PNP) ,"  5,052", 41.0  ,San Germán,R
 Aníbal Acevedo Vilá (PPD) ,"  4,158", 33.7  ,San Germán,R
 Zayira Jordán Conde (MVC) ,"  1,582", 12.8  ,San Germán,R
 Luis Roberto Piñero (PIP) ,  851, 6.9  ,San Germán,R
 Ada Norah Henriquez (PD) ,  679, 5.5,San Germán,R
Pedro Pierluisi (PNP) ,"  41,184", 32.3  ,San Juan,G
 Carlos (Charlie) Delgado Altieri (PPD) ,"  32,108", 25.2  ,San Juan,G
 Juan Dalmau Ramírez (PIP) ,"  24,374", 19.1  ,San Juan,G
 Alexandra Lúgaro (MVC) ,"  23,816", 18.7  ,San Juan,G
 César Augusto Vázquez Muñiz (PD) ,"  5,448", 4.3  ,San Juan,G
 Eliezer Molina Pérez (Ind.) ,  685, 0.5,San Juan,G
Jenniffer González Colón (PNP) ,"  48,149", 38.5  ,San Juan,R
 Aníbal Acevedo Vilá (PPD) ,"  38,508", 30.8  ,San Juan,R
 Zayira Jordán Conde (MVC) ,"  21,230", 17.0  ,San Juan,R
 Luis Roberto Piñero (PIP) ,"  10,447", 8.4  ,San Juan,R
 Ada Norah Henriquez (PD) ,"  6,641", 5.3,San Juan,R
Pedro Pierluisi (PNP) ,"  5,687", 35.8  ,San Lorenzo,G
 Carlos (Charlie) Delgado Altieri (PPD) ,"  5,135", 32.4  ,San Lorenzo,G
 Alexandra Lúgaro (MVC) ,"  2,287", 14.4  ,San Lorenzo,G
 Juan Dalmau Ramírez (PIP) ,"  1,924", 12.1  ,San Lorenzo,G
 César Augusto Vázquez Muñiz (PD) ,  717, 4.5  ,San Lorenzo,G
 Eliezer Molina Pérez (Ind.) ,  120, 0.8,San Lorenzo,G
Jenniffer González Colón (PNP) ,"  6,785", 44.0  ,San Lorenzo,R
 Aníbal Acevedo Vilá (PPD) ,"  4,871", 31.6  ,San Lorenzo,R
 Zayira Jordán Conde (MVC) ,"  1,952", 12.7  ,San Lorenzo,R
 Luis Roberto Piñero (PIP) ,  906, 5.9  ,San Lorenzo,R
 Ada Norah Henriquez (PD) ,  906, 5.9,San Lorenzo,R
Carlos (Charlie) Delgado Altieri (PPD) ,"  5,657", 37.0  ,San Sebastián,G
 Pedro Pierluisi (PNP) ,"  5,092", 33.3  ,San Sebastián,G
 Alexandra Lúgaro (MVC) ,"  1,552", 10.2  ,San Sebastián,G
 Juan Dalmau Ramírez (PIP) ,"  1,544", 10.1  ,San Sebastián,G
 César Augusto Vázquez Muñiz (PD) ,"  1,163", 7.6  ,San Sebastián,G
 Eliezer Molina Pérez (Ind.) ,  269, 1.8 ,San Sebastián,G
Jenniffer González Colón (PNP) ,"  6,233", 42.3  ,San Sebastián,R
 Aníbal Acevedo Vilá (PPD) ,"  5,120", 34.8  ,San Sebastián,R
 Zayira Jordán Conde (MVC) ,"  1,377", 9.4  ,San Sebastián,R
 Ada Norah Henriquez (PD) ,"  1,213", 8.2  ,San Sebastián,R
 Luis Roberto Piñero (PIP) ,  779, 5.3,San Sebastián,R
Pedro Pierluisi (PNP) ,"  3,356", 35.4  ,Santa Isabel,G
 Carlos (Charlie) Delgado Altieri (PPD) ,"  3,293", 34.7  ,Santa Isabel,G
 Alexandra Lúgaro (MVC) ,"  1,227", 12.9  ,Santa Isabel,G
 Juan Dalmau Ramírez (PIP) ,"  1,023", 10.8  ,Santa Isabel,G
 César Augusto Vázquez Muñiz (PD) ,  529, 5.6  ,Santa Isabel,G
 Eliezer Molina Pérez (Ind.) ,  52, 0.5,Santa Isabel,G
Jenniffer González Colón (PNP) ,"  3,915", 43.3  ,Santa Isabel,R
 Aníbal Acevedo Vilá (PPD) ,"  3,085", 34.1  ,Santa Isabel,R
 Zayira Jordán Conde (MVC) ,"  1,014", 11.2  ,Santa Isabel,R
 Ada Norah Henriquez (PD) ,  605, 6.7  ,Santa Isabel,R
 Luis Roberto Piñero (PIP) ,  418, 4.6,Santa Isabel,R
Pedro Pierluisi (PNP) ,"  6,862", 30.5  ,Toa Alta,G
 Carlos (Charlie) Delgado Altieri (PPD) ,"  6,221", 27.6  ,Toa Alta,G
 Alexandra Lúgaro (MVC) ,"  3,824", 17.0  ,Toa Alta,G
 Juan Dalmau Ramírez (PIP) ,"  3,647", 16.2  ,Toa Alta,G
 César Augusto Vázquez Muñiz (PD) ,"  1,830", 8.1  ,Toa Alta,G
 Eliezer Molina Pérez (Ind.) ,  138, 0.6,Toa Alta,G
Jenniffer González Colón (PNP) ,"  8,372", 38.1  ,Toa Alta,R
 Aníbal Acevedo Vilá (PPD) ,"  6,485", 29.5  ,Toa Alta,R
 Zayira Jordán Conde (MVC) ,"  3,524", 16.0  ,Toa Alta,R
 Ada Norah Henriquez (PD) ,"  2,017", 9.2  ,Toa Alta,R
 Luis Roberto Piñero (PIP) ,"  1,585", 7.2,Toa Alta,R
Pedro Pierluisi (PNP) ,"  8,484", 31.9  ,Toa Baja,G
 Carlos (Charlie) Delgado Altieri (PPD) ,"  6,825", 25.6  ,Toa Baja,G
 Alexandra Lúgaro (MVC) ,"  4,554", 17.1  ,Toa Baja,G
 Juan Dalmau Ramírez (PIP) ,"  4,065", 15.3  ,Toa Baja,G
 César Augusto Vázquez Muñiz (PD) ,"  2,477", 9.3  ,Toa Baja,G
 Eliezer Molina Pérez (Ind.) ,  219, 0.8 ,Toa Baja,G
Jenniffer González Colón (PNP) ,"  10,425", 40.4  ,Toa Baja,R
 Aníbal Acevedo Vilá (PPD) ,"  6,943", 26.9  ,Toa Baja,R
 Zayira Jordán Conde (MVC) ,"  3,956", 15.3  ,Toa Baja,R
 Ada Norah Henriquez (PD) ,"  2,660", 10.3  ,Toa Baja,R
 Luis Roberto Piñero (PIP) ,"  1,809", 7.0,Toa Baja,R
Pedro Pierluisi (PNP) ,"  7,082", 28.7  ,Trujillo Alto,G
 Carlos (Charlie) Delgado Altieri (PPD) ,"  6,837", 27.7  ,Trujillo Alto,G
 Juan Dalmau Ramírez (PIP) ,"  4,491", 18.2  ,Trujillo Alto,G
 Alexandra Lúgaro (MVC) ,"  4,207", 17.1  ,Trujillo Alto,G
 César Augusto Vázquez Muñiz (PD) ,"  1,866", 7.6  ,Trujillo Alto,G
 Eliezer Molina Pérez (Ind.) ,  163, 0.7 ,Trujillo Alto,G
Jenniffer González Colón (PNP) ,"  8,786", 36.6  ,Trujillo Alto,R
 Aníbal Acevedo Vilá (PPD) ,"  7,233", 30.1  ,Trujillo Alto,R
 Zayira Jordán Conde (MVC) ,"  3,858", 16.1  ,Trujillo Alto,R
 Ada Norah Henriquez (PD) ,"  2,084", 8.7  ,Trujillo Alto,R
 Luis Roberto Piñero (PIP) ,"  2,066", 8.6,Trujillo Alto,R
Pedro Pierluisi (PNP) ,"  4,624", 38.4  ,Utuado,G
 Carlos (Charlie) Delgado Altieri (PPD) ,"  4,470", 37.1  ,Utuado,G
 César Augusto Vázquez Muñiz (PD) ,"  1,037", 8.6  ,Utuado,G
 Juan Dalmau Ramírez (PIP) ,"  1,003", 8.3  ,Utuado,G
 Alexandra Lúgaro (MVC) ,  820, 6.8  ,Utuado,G
 Eliezer Molina Pérez (Ind.) ,  103, 0.9,Utuado,G
Jenniffer González Colón (PNP) ,"  5,331", 45.6  ,Utuado,R
 Aníbal Acevedo Vilá (PPD) ,"  4,091", 35.0  ,Utuado,R
 Ada Norah Henriquez (PD) ,"  1,008", 8.6  ,Utuado,R
 Zayira Jordán Conde (MVC) ,  791, 6.8  ,Utuado,R
 Luis Roberto Piñero (PIP) ,  463, 4.0,Utuado,R
Carlos (Charlie) Delgado Altieri (PPD) ,"  4,099", 32.5  ,Vega Alta,G
 Pedro Pierluisi (PNP) ,"  4,090", 32.5  ,Vega Alta,G
 Alexandra Lúgaro (MVC) ,"  1,672", 13.3  ,Vega Alta,G
 Juan Dalmau Ramírez (PIP) ,"  1,461", 11.6  ,Vega Alta,G
 César Augusto Vázquez Muñiz (PD) ,"  1,187", 9.4  ,Vega Alta,G
 Eliezer Molina Pérez (Ind.) ,  85, 0.7,Vega Alta,G
Jenniffer González Colón (PNP) ,"  4,963", 40.6  ,Vega Alta,R
 Aníbal Acevedo Vilá (PPD) ,"  4,018", 32.9  ,Vega Alta,R
 Zayira Jordán Conde (MVC) ,"  1,432", 11.7  ,Vega Alta,R
 Ada Norah Henriquez (PD) ,"  1,193", 9.8  ,Vega Alta,R
 Luis Roberto Piñero (PIP) ,  613, 5.0  ,Vega Alta,R
Carlos (Charlie) Delgado Altieri (PPD) ,"  6,302", 33.4  ,Vega Baja,G
 Pedro Pierluisi (PNP) ,"  5,473", 29.0  ,Vega Baja,G
 Alexandra Lúgaro (MVC) ,"  2,664", 14.1  ,Vega Baja,G
 Juan Dalmau Ramírez (PIP) ,"  2,393", 12.7  ,Vega Baja,G
 César Augusto Vázquez Muñiz (PD) ,"  1,891", 10.0  ,Vega Baja,G
 Eliezer Molina Pérez (Ind.) ,  137, 0.7,Vega Baja,G
Jenniffer González Colón (PNP) ,"  6,804", 37.1  ,Vega Baja,R
 Aníbal Acevedo Vilá (PPD) ,"  6,191", 33.8  ,Vega Baja,R
 Zayira Jordán Conde (MVC) ,"  2,290", 12.5  ,Vega Baja,R
 Ada Norah Henriquez (PD) ,"  1,927", 10.5  ,Vega Baja,R
 Luis Roberto Piñero (PIP) ,"  1,106", 6.0,Vega Baja,R
Carlos (Charlie) Delgado Altieri (PPD) ,"  1,285", 39.9  ,Vieques,G
 Pedro Pierluisi (PNP) ,  986, 30.6  ,Vieques,G
 Alexandra Lúgaro (MVC) ,  412, 12.8  ,Vieques,G
 Juan Dalmau Ramírez (PIP) ,  310, 9.6  ,Vieques,G
 César Augusto Vázquez Muñiz (PD) ,  124, 3.9  ,Vieques,G
 Eliezer Molina Pérez (Ind.) ,  100, 3.1 ,Vieques,G
Aníbal Acevedo Vilá (PPD) ,"  1,166", 39.1  ,Vieques,R
 Jenniffer González Colón (PNP) ,"  1,126", 37.8  ,Vieques,R
 Zayira Jordán Conde (MVC) ,  357, 12.0  ,Vieques,R
 Luis Roberto Piñero (PIP) ,  177, 5.9  ,Vieques,R
 Ada Norah Henriquez (PD) ,  155, 5.2,Vieques,R
Carlos (Charlie) Delgado Altieri (PPD) ,"  5,034", 41.2  ,Villalba,G
 Pedro Pierluisi (PNP) ,"  4,567", 37.4  ,Villalba,G
 Alexandra Lúgaro (MVC) ,"  1,176", 9.6  ,Villalba,G
 Juan Dalmau Ramírez (PIP) ,  964, 7.9  ,Villalba,G
 César Augusto Vázquez Muñiz (PD) ,  412, 3.4  ,Villalba,G
 Eliezer Molina Pérez (Ind.) ,  62, 0.5,Villalba,G
Jenniffer González Colón (PNP) ,"  5,174", 43.7  ,Villalba,R
 Aníbal Acevedo Vilá (PPD) ,"  4,756", 40.2  ,Villalba,R
 Zayira Jordán Conde (MVC) ,  972, 8.2  ,Villalba,R
 Ada Norah Henriquez (PD) ,  480, 4.1  ,Villalba,R
 Luis Roberto Piñero (PIP) ,  454, 3.8,Villalba,R
Carlos (Charlie) Delgado Altieri (PPD) ,"  5,994", 40.5  ,Yabucoa,G
 Pedro Pierluisi (PNP) ,"  5,384", 36.3  ,Yabucoa,G
 Alexandra Lúgaro (MVC) ,"  1,463", 9.9  ,Yabucoa,G
 Juan Dalmau Ramírez (PIP) ,"  1,317", 8.9  ,Yabucoa,G
 César Augusto Vázquez Muñiz (PD) ,  588, 4.0  ,Yabucoa,G
 Eliezer Molina Pérez (Ind.) ,  69, 0.5,Yabucoa,G
Jenniffer González Colón (PNP) ,"  6,080", 42.7  ,Yabucoa,R
 Aníbal Acevedo Vilá (PPD) ,"  5,623", 39.5  ,Yabucoa,R
 Zayira Jordán Conde (MVC) ,"  1,147", 8.0  ,Yabucoa,R
 Ada Norah Henriquez (PD) ,  792, 5.6  ,Yabucoa,R
 Luis Roberto Piñero (PIP) ,  607, 4.3,Yabucoa,R
Pedro Pierluisi (PNP) ,"  5,122", 36.0  ,Yauco,G
 Carlos (Charlie) Delgado Altieri (PPD) ,"  4,353", 30.6  ,Yauco,G
 Juan Dalmau Ramírez (PIP) ,"  2,011", 14.1  ,Yauco,G
 Alexandra Lúgaro (MVC) ,"  1,911", 13.4  ,Yauco,G
 César Augusto Vázquez Muñiz (PD) ,  747, 5.2  ,Yauco,G
 Eliezer Molina Pérez (Ind.) ,  93, 0.7,Yauco,G
Jenniffer González Colón (PNP) ,"  5,975", 43.6  ,Yauco,R
 Aníbal Acevedo Vilá (PPD) ,"  4,216", 30.8  ,Yauco,R
 Zayira Jordán Conde (MVC) ,"  1,737", 12.7  ,Yauco,R
 Luis Roberto Piñero (PIP) ,  889, 6.5  ,Yauco,R
 Ada Norah Henriquez (PD) ,  873, 6.4,Yauco,R